EN, BL,GZ L ,GZ L cells,GZ WA,GZ WA cells,GZ WB,GZ WB cells,GZ A,Last Seg L,Last Seg L cells,Last Seg A,Trunk A,DAPI,Tagma
10,0.667,0.054,10,0.131,23,0.116,16,0.00644,0.007,2,0.00142,0.053,6,Thoracic PostMolt
10,0.639,0.062,11,0.109,18,0.094,13,0.0064,0.007,1,0.00136,0.047,5,Thoracic PostMolt
10,0.64,0.054,10,0.112,19,0.094,13,0.00556,0.007,1,0.00167,0.048,5,Thoracic PostMolt
10,0.697,0.044,10,0.13,21,0.12,16,0.00582,0.01,2,0.00201,0.056,5,Thoracic PostMolt
10,0.689,0.067,13,0.142,22,0.126,18,0.00899,0.01,2,0.00238,0.063,4,Thoracic PostMolt
10,0.589,0.046,11,0.116,19,0.105,16,0.00518,0.007,2,0.00104,0.041,1,Thoracic PostMolt
10,0.732,0.068,12,0.138,23,0.128,20,0.00857,0.009,2,0.00221,0.069,12,Thoracic PostMolt
10,0.645,0.063,11,0.133,21,0.113,18,0.00749,0.009,3,0.00164,0.048,3,Thoracic PostMolt
10,0.629,0.062,13,0.155,22,0.13,19,0.00823,0.007,2,0.00225,0.057,6,Thoracic PostMolt
10,0.63,0.062,12,0.129,21,0.116,17,0.0068,0.01,3,0.00183,0.053,5,Thoracic PostMolt
10,0.617,0.046,10,0.126,19,0.111,18,0.00536,0.008,2,0.00167,0.047,2,Thoracic PostMolt
10,0.605,0.056,10,0.14,23,0.113,17,0.00667,0.008,2,0.00164,0.047,7,Thoracic PostMolt
10,0.705,0.07,13,0.139,26,0.119,20,0.00898,0.014,4,0.00218,0.063,4,Thoracic PostMolt
10,0.706,0.062,14,0.131,22,0.123,19,0.00741,0.01,3,0.00196,0.058,1,Thoracic PostMolt
10,0.686,0.062,12,0.148,26,0.131,23,0.0081,0.01,2,0.00235,0.069,3,Thoracic PostMolt
10,0.611,0.062,11,0.129,20,0.115,18,0.00755,0.009,2,0.00157,0.048,11,Thoracic PostMolt
10,0.625,0.041,9,0.123,21,0.11,18,0.00521,0.009,2,0.0017,0.052,4,Thoracic PostMolt
10,0.636,0.06,9,0.139,20,0.116,19,0.00709,0.009,2,0.00188,0.052,1,Thoracic PostMolt
10,0.692,0.067,13,0.135,21,0.122,19,0.00839,0.01,2,0.00199,0.063,3,Thoracic PostMolt
10,0.629,0.048,8,0.123,19,0.116,17,0.00537,0.007,2,0.00137,0.05,2,Thoracic PostMolt
10,0.607,0.06,10,0.138,25,0.116,20,0.00687,0.006,1,0.00183,0.047,7,Thoracic PostMolt
10,0.609,0.049,10,0.117,19,0.103,15,0.00492,0.006,1,0.00137,0.044,10,Thoracic PostMolt
10,0.68,0.068,11,0.14,22,0.123,18,0.00834,0.009,2,0.00197,0.065,3,Thoracic PostMolt
10,0.688,0.059,12,0.141,20,0.126,17,0.00741,0.008,3,0.00214,0.056,1,Thoracic PostMolt
10,0.694,0.066,11,0.138,20,0.124,18,0.00818,0.008,2,0.00207,0.058,5,Thoracic PostMolt
10,0.704,0.069,12,0.146,24,0.129,18,0.00869,0.011,3,0.00222,0.063,5,Thoracic PostMolt
10,0.703,0.074,12,0.15,23,0.126,18,0.00996,0.013,4,0.00253,0.064,2,Thoracic PostMolt
10,0.721,0.062,12,0.131,20,0.123,16,0.00763,0.012,3,0.00193,0.059,2,Thoracic PostMolt
10,0.711,0.078,13,0.146,22,0.119,17,0.00954,0.011,3,0.00234,0.068,3,Thoracic PostMolt
10,0.699,0.066,14,0.138,20,0.118,14,0.00817,0.01,3,0.00201,0.059,2,Thoracic PostMolt
10,0.618,0.051,10,0.14,21,0.113,,0.00597,0.008,2,0.00188,0.051,5,Thoracic PostMolt
10,0.667,0.065,14,0.14,24,0.126,20,0.00824,0.013,3,0.00218,0.057,5,Thoracic PostMolt
10,0.7,0.061,15,0.148,22,0.129,19,0.00813,0.011,4,0.00197,0.064,7,Thoracic PostMolt
10,0.697,0.061,14,0.143,20,0.123,19,0.00752,0.011,3,0.00209,0.056,1,Thoracic PostMolt
10,0.655,0.057,13,0.131,22,0.11,19,0.00653,0.009,2,0.00161,0.05,2,Thoracic PostMolt
10,0.633,0.059,11,0.107,18,0.102,15,0.00579,0.009,2,0.0012,0.046,0,Thoracic PostMolt
10,0.611,0.057,10,0.106,17,0.087,13,0.00563,0.009,2,0.00143,0.046,0,Thoracic PostMolt
11,0.778,0.065,10,0.144,20,0.124,18,0.00869,0.009,2,0.00185,0.08,1,Thoracic PostMolt
11,0.735,0.065,9,0.133,19,0.119,16,0.00837,0.01,2,0.00174,0.072,5,Thoracic PostMolt
11,0.742,0.071,11,0.148,20,0.127,18,0.00929,0.009,3,0.00177,0.073,4,Thoracic PostMolt
11,0.716,0.065,,0.123,,0.108,,0.00715,0.009,,0.00125,0.058,0,Thoracic PostMolt
11,0.696,0.064,11,0.147,22,0.12,19,0.00808,0.012,3,0.00186,0.065,5,Thoracic PostMolt
11,0.725,0.056,12,0.144,23,0.127,18,0.00716,0.01,3,0.00208,0.067,5,Thoracic PostMolt
11,0.728,0.065,11,0.145,21,0.125,16,0.00841,0.007,2,0.00178,0.068,6,Thoracic PostMolt
11,0.707,0.058,10,0.143,20,0.124,15,0.00671,0.007,2,0.00209,0.064,5,Thoracic PostMolt
11,0.757,0.064,10,0.155,23,0.132,18,0.00884,0.009,3,0.0024,0.076,2,Thoracic PostMolt
11,0.704,0.067,11,0.146,20,0.123,18,0.00819,0.007,2,0.00157,0.064,7,Thoracic PostMolt
11,0.755,0.065,11,0.154,25,0.127,19,0.00852,0.008,2,0.00161,0.074,6,Thoracic PostMolt
11,0.788,0.071,13,0.169,27,0.141,22,0.01062,0.011,3,0.00219,0.08,3,Thoracic PostMolt
11,0.759,0.062,10,0.131,20,0.121,16,0.00718,0.009,3,0.00184,0.073,1,Thoracic PostMolt
11,0.721,0.058,9,0.148,21,0.13,17,0.00771,0.009,2,0.00206,0.069,1,Thoracic PostMolt
11,0.722,0.057,11,0.136,21,0.113,18,0.00698,0.011,3,0.00195,0.064,2,Thoracic PostMolt
11,0.705,0.059,11,0.132,18,0.117,16,0.00695,0.009,2,0.00186,0.06,1,Thoracic PostMolt
11,0.725,0.067,,0.14,22,0.125,17,0.00789,0.01,3,0.00162,0.064,3,Thoracic PostMolt
11,0.682,0.058,12,0.133,19,0.122,18,0.00664,0.006,2,0.00152,0.057,4,Thoracic PostMolt
11,0.678,0.053,12,0.13,22,0.117,17,0.00594,0.008,2,0.00139,0.057,0,Thoracic PostMolt
11,0.724,0.064,14,0.154,25,0.142,21,0.00842,0.009,3,0.0022,0.068,4,Thoracic PostMolt
11,0.713,0.06,12,0.134,21,0.119,19,0.0069,0.007,2,0.00187,0.065,3,Thoracic PostMolt
11,0.698,0.049,10,0.134,23,0.12,18,0.00593,0.007,2,0.00151,0.06,1,Thoracic PostMolt
11,0.741,0.061,12,0.139,21,0.122,17,0.00763,0.007,2,0.00181,0.068,2,Thoracic PostMolt
11,0.717,0.056,14,0.132,20,0.119,19,0.0065,0.01,3,0.0015,0.063,2,Thoracic PostMolt
11,0.739,0.063,12,0.145,24,0.122,18,0.00825,0.011,3,0.00192,0.07,2,Thoracic PostMolt
11,0.746,0.059,12,0.14,22,0.128,18,0.00766,0.009,3,0.00151,0.071,0,Thoracic PostMolt
11,0.734,0.056,11,0.133,23,0.118,17,0.00701,0.009,2,0.0018,0.068,4,Thoracic PostMolt
11,0.701,0.055,11,0.137,23,0.119,17,0.00709,0.006,1,0.00161,0.057,2,Thoracic PostMolt
11,0.715,0.054,10,0.127,20,0.119,16,0.00592,0.008,2,0.0016,0.06,4,Thoracic PostMolt
11,0.749,0.059,12,0.147,21,0.128,17,0.00781,0.009,2,0.00197,0.068,2,Thoracic PostMolt
11,0.699,0.049,9,0.145,22,0.128,19,0.0064,0.007,2,0.00158,0.062,2,Thoracic PostMolt
11,0.629,0.049,10,0.116,21,0.108,18,0.00534,0.008,3,0.00111,0.046,1,Thoracic PostMolt
11,0.744,0.052,10,0.116,19,0.117,17,0.0058,0.01,3,0.00175,0.06,0,Thoracic PostMolt
11,0.75,0.053,9,0.138,21,0.12,17,0.00624,0.008,2,0.00176,0.071,3,Thoracic PostMolt
11,0.714,0.051,10,0.119,19,0.115,16,0.00565,0.008,2,0.00146,0.055,2,Thoracic PostMolt
11,0.694,0.053,9,0.129,24,0.121,20,0.00627,0.007,2,0.00148,0.055,1,Thoracic PostMolt
11,0.724,0.061,11,0.157,25,0.129,20,0.00842,0.007,2,0.00184,0.083,5,Thoracic PostMolt
11,0.742,0.065,11,0.161,28,0.139,22,0.00913,0.01,2,0.00244,0.077,6,Thoracic PostMolt
11,0.741,0.062,13,0.133,21,0.117,15,0.00741,0.01,3,0.00201,0.067,1,Thoracic PostMolt
11,0.723,0.059,13,0.159,25,0.144,18,0.0093,0.007,2,0.00155,0.075,1,Thoracic PostMolt
11,0.69,0.057,9,0.118,16,0.103,14,0.0058,0.01,3,0.00159,0.053,3,Thoracic PostMolt
11,0.676,0.058,11,0.117,17,0.105,15,0.00603,0.01,2,0.00143,0.056,9,Thoracic PostMolt
11,0.622,0.047,8,0.101,14,0.088,10,0.00403,0.01,2,0.0012,0.041,2,Thoracic PostMolt
11,0.625,0.043,7,0.103,13,0.102,14,0.00439,0.01,3,0.00133,0.048,3,Thoracic PostMolt
12,0.771,0.06,11,0.145,22,0.126,18,0.00765,0.008,1,0.00182,0.079,2,Genital
12,0.754,0.056,10,0.152,21,0.133,19,0.00754,0.01,3,0.00235,0.073,2,Genital
12,0.773,0.061,10,0.145,21,0.129,18,0.00771,0.007,1,0.00181,0.074,1,Genital
12,0.791,0.052,10,0.134,22,0.125,19,0.00671,0.009,2,0.00184,0.08,1,Genital
12,0.815,0.053,10,0.152,25,0.135,19,0.00715,0.009,2,0.00204,0.084,4,Genital
12,0.798,0.057,10,0.14,22,0.13,19,0.00772,0.011,3,0.00199,0.079,4,Genital
12,0.793,0.047,10,0.144,20,0.13,20,0.00639,0.008,2,0.00181,0.078,2,Genital
12,0.775,0.051,11,0.15,24,0.14,21,0.00696,0.009,3,0.00202,0.073,0,Genital
12,0.754,0.053,10,0.131,19,0.118,17,0.00585,0.008,2,0.00183,0.067,1,Genital
12,0.747,0.05,10,0.146,,0.135,23,0.00621,0.008,3,0.00187,0.07,0,Genital
12,0.804,0.049,9,0.137,22,0.129,18,0.00619,0.009,2,0.00175,0.077,1,Genital
12,0.725,0.04,8,0.137,18,0.129,18,0.00539,0.009,2,0.0014,0.065,1,Genital
12,0.753,0.047,9,0.128,20,0.117,18,0.00579,0.008,2,0.00158,0.069,2,Genital
12,0.794,0.049,10,0.157,25,0.142,21,0.00713,0.01,2,0.00185,0.086,1,Genital
12,0.791,0.057,12,0.145,24,0.127,20,0.00785,0.01,3,0.00212,0.081,0,Genital
12,0.76,0.049,9,0.152,23,0.14,20,0.00701,0.01,3,0.00216,0.079,0,Genital
12,0.756,0.047,9,0.142,21,0.13,19,0.00635,0.009,3,0.00164,0.07,3,Genital
12,0.787,0.043,10,0.139,22,0.13,20,0.00518,0.007,2,0.0017,0.076,3,Genital
12,0.718,0.051,8,0.109,14,0.096,13,0.0051,0.011,3,0.00169,0.061,3,Genital
12,0.699,0.044,7,0.11,15,0.1,13,0.00449,0.01,2,0.00144,0.06,2,Genital
12,0.731,0.054,9,0.099,13,0.092,13,0.00481,0.009,2,0.00127,0.054,7,Genital
12,0.668,0.046,7,0.107,14,0.102,13,0.00442,0.008,2,0.00114,0.052,3,Genital
12,0.712,0.049,9,0.09,13,0.093,13,0.00416,0.009,2,0.0013,0.059,4,Genital
12,0.717,0.05,8,0.123,15,0.104,12,0.00538,0.01,2,0.00176,0.061,6,Genital
12,0.688,0.053,7,0.131,17,0.112,14,0.00596,0.006,1,0.00141,0.056,3,Genital
12,0.686,0.06,9,0.127,16,0.108,13,0.00668,0.011,3,0.00161,0.054,4,Genital
12,0.688,0.046,8,0.083,11,0.089,14,0.00355,0.006,2,0.00101,0.047,2,Genital
12,0.699,0.051,9,0.107,12,0.099,12,0.00487,0.006,1,0.00149,0.055,5,Genital
12,0.778,0.049,8,0.1,14,0.095,13,0.00479,0.013,3,0.00138,0.061,2,Genital
12,0.834,0.057,12,0.151,23,0.123,16,0.00786,0.012,3,0.0023,0.088,1,Genital
12,0.726,0.043,8,0.137,20,0.132,18,0.00553,0.012,3,0.00194,0.054,1,Genital
12,0.744,0.043,7,0.107,14,0.104,16,0.00427,0.008,2,0.00141,0.057,0,Genital
12,0.854,0.068,9,0.123,16,0.109,17,0.00747,0.012,2,0.00225,0.083,0,Genital
12,0.755,0.056,9,0.114,15,0.105,15,0.00607,0.009,2,0.00165,0.065,3,Genital
12,0.762,0.057,9,0.114,15,0.109,15,0.00621,0.011,4,0.00149,0.06,1,Genital
13,0.725,0.037,6,0.097,12,0.089,13,0.0033,0.009,2,0.00112,0.056,1,Genital
13,0.754,0.045,6,0.108,15,0.102,13,0.00448,0.008,2,0.00134,0.068,3,Genital
13,0.763,0.042,6,0.097,12,0.096,12,0.00371,0.007,2,0.00129,0.063,2,Genital
13,0.778,0.046,7,0.101,16,0.093,12,0.00377,0.006,1,0.00121,0.064,6,Genital
13,0.861,0.052,8,0.13,19,0.117,16,0.00595,0.009,2,0.00169,0.085,1,Genital
13,0.843,0.044,7,0.124,18,0.112,16,0.00483,0.009,2,0.00121,0.076,2,Genital
13,0.902,0.054,8,0.141,19,0.13,16,0.00746,0.011,3,0.00202,0.092,1,Genital
13,0.784,0.046,8,0.101,17,0.1,16,0.00434,0.011,2,0.00112,0.067,2,Genital
13,0.826,0.047,7,0.127,19,0.109,14,0.00562,0.012,3,0.00156,0.076,0,Genital
13,0.837,0.044,8,0.14,22,0.117,17,0.00591,0.01,2,0.00206,0.083,6,Genital
13,0.851,0.047,7,0.107,14,0.102,13,0.00473,0.011,3,0.00146,0.078,2,Genital
13,0.826,0.043,7,0.13,17,0.117,17,0.00548,0.01,3,0.00248,0.078,10,Genital
13,0.844,0.052,8,0.123,16,0.11,14,0.00578,0.01,2,0.00165,0.081,3,Genital
13,0.816,0.049,8,0.123,18,0.11,13,0.00547,0.008,2,0.0015,0.075,18,Genital
13,0.835,0.048,7,0.123,17,0.111,15,0.00591,0.01,3,0.00156,0.077,12,Genital
13,0.823,0.043,7,0.11,14,0.105,13,0.00476,0.012,3,0.00172,0.073,4,Genital
13,0.813,0.066,9,0.13,16,0.112,14,0.00753,0.008,2,0.00181,0.078,3,Genital
13,0.824,0.05,9,0.127,16,0.119,17,0.00594,0.006,1,0.00157,0.075,7,Genital
13,0.798,0.04,6,0.112,18,0.107,16,0.00465,0.007,1,0.00131,0.075,4,Genital
13,0.782,0.044,7,0.124,15,0.108,13,0.005,0.009,2,0.00154,0.07,1,Genital
13,0.853,0.051,7,0.137,19,0.114,13,0.00631,0.01,2,0.00173,0.088,3,Genital
13,0.795,0.045,7,0.111,16,0.105,14,0.00472,0.011,2,0.00151,0.068,1,Genital
13,0.707,0.064,12,0.119,19,0.111,16,0.0072,0.007,1,0.00156,0.071,3,Genital
13,0.812,0.045,7,0.109,17,0.113,15,0.00489,0.009,2,0.00135,0.074,2,Genital
13,0.749,0.035,6,0.115,17,0.112,14,0.00375,0.008,2,0.00117,0.064,2,Genital
13,0.802,0.038,7,0.128,19,0.116,17,0.00431,0.007,2,0.00132,0.08,3,Genital
13,0.767,0.046,8,0.116,14,0.107,13,0.00527,0.004,1,0.00108,0.062,0,Genital
13,0.801,0.054,8,0.134,18,0.119,15,0.00679,0.008,2,0.00221,0.075,1,Genital
14,0.895,0.041,6,0.153,21,0.134,15,0.00554,0.007,1,0.00181,0.104,1,Abdominal
14,0.858,0.047,8,0.138,18,0.129,16,0.00608,0.012,3,0.002,0.086,6,Abdominal
14,0.894,0.048,8,0.141,21,0.113,17,0.00662,0.007,1,0.00124,0.097,2,Abdominal
14,0.868,0.044,7,0.138,23,0.132,18,0.00551,0.006,1,0.00142,0.095,1,Abdominal
14,0.885,0.05,9,0.125,18,0.118,16,0.00609,0.007,2,0.00135,0.095,2,Abdominal
14,0.843,0.035,7,0.119,15,0.111,13,0.00406,0.009,2,0.00161,0.08,0,Abdominal
14,0.898,0.053,9,0.143,22,0.124,18,0.00634,0.007,2,0.00172,0.093,2,Abdominal
14,0.905,0.053,9,0.155,25,0.146,21,0.0072,0.007,1,0.00173,0.108,3,Abdominal
14,0.823,0.033,5,0.103,17,0.101,15,0.00319,0.006,1,0.00102,0.076,1,Abdominal
14,0.883,0.042,6,0.146,23,0.138,20,0.00573,0.007,2,0.0018,0.094,2,Abdominal
14,0.802,0.045,7,0.12,16,0.111,13,0.00479,0.006,1,0.00107,0.079,2,Abdominal
14,0.858,0.047,7,0.142,21,0.134,18,0.00609,0.007,2,0.00177,0.094,1,Abdominal
14,0.879,0.039,6,0.138,19,0.128,18,0.00496,0.008,2,0.00171,0.101,4,Abdominal
14,0.896,0.039,7,0.149,17,0.137,16,0.00594,0.007,3,0.00208,0.107,2,Abdominal
14,0.911,0.041,7,0.169,23,0.152,19,0.00642,0.005,1,0.00202,0.108,1,Abdominal
14,0.835,0.038,6,0.119,19,0.104,15,0.00413,0.005,1,0.00118,0.082,6,Abdominal
14,0.856,0.04,7,0.144,22,0.138,18,0.00545,0.008,2,0.00183,0.092,1,Abdominal
14,0.877,0.039,8,0.125,21,0.112,16,0.00456,0.008,2,0.00138,0.082,0,Abdominal
14,0.815,0.037,6,0.125,17,0.116,15,0.0042,0.005,1,0.00134,0.08,1,Abdominal
14,0.875,0.044,8,0.135,18,0.113,16,0.00532,0.009,3,0.00183,0.101,8,Abdominal
14,0.859,0.039,6,0.135,19,0.124,16,0.005,0.006,2,0.00127,0.091,3,Abdominal
14,0.871,0.044,7,0.123,19,0.112,16,0.00499,0.01,2,0.00148,0.089,3,Abdominal
15,0.841,0.037,6,0.117,17,0.101,14,0.00402,0.007,2,0.00132,0.083,1,Abdominal
15,0.943,0.043,7,0.144,23,0.136,19,0.00552,0.005,2,0.0016,0.113,4,Abdominal
15,0.954,0.038,7,0.131,19,0.115,15,0.00456,0.008,2,0.0016,0.109,1,Abdominal
15,0.874,0.043,6,0.125,17,0.112,13,0.00492,0.004,1,0.00119,0.1,0,Abdominal
15,0.93,0.043,9,0.101,14,0.082,11,0.0038,0.009,3,0.00106,0.102,1,Abdominal
15,0.942,0.043,7,0.153,22,0.141,18,0.00604,0.005,1,0.00188,0.12,1,Abdominal
15,0.862,0.036,6,0.117,18,0.107,15,0.00406,0.01,2,0.00138,0.09,6,Abdominal
15,0.968,0.053,8,0.154,22,0.142,18,0.00736,0.006,1,0.00187,0.114,3,Abdominal
15,0.977,0.044,7,0.104,13,0.093,12,0.00407,0.007,1,0.00125,0.115,3,Abdominal
15,0.966,0.042,7,0.126,17,0.117,14,0.00487,0.005,1,0.00123,0.111,1,Abdominal
15,0.914,0.027,5,0.126,18,0.106,16,0.00332,0.005,1,0.00132,0.105,4,Abdominal
15,0.989,0.033,5,0.141,19,0.131,16,0.00448,0.007,2,0.00174,0.11,1,Abdominal
15,0.909,0.033,5,0.113,17,0.105,13,0.00343,0.004,1,0.00111,0.096,1,Abdominal
15,0.917,0.025,5,0.125,20,0.114,17,0.0032,0.005,1,0.00125,0.095,3,Abdominal
15,0.916,0.032,6,0.119,18,0.104,14,0.00359,0.007,2,0.0017,0.103,2,Abdominal
15,0.944,0.039,6,0.138,20,0.117,16,0.00493,0.007,2,0.00137,0.108,4,Abdominal
15,0.935,0.029,4,0.085,15,0.085,12,0.00255,0.006,1,0.00094,0.092,1,Abdominal
15,0.953,0.038,6,0.115,16,0.107,15,0.00419,0.006,1,0.00114,0.103,2,Abdominal
15,0.894,0.028,5,0.125,21,0.12,18,0.00353,0.004,1,0.00118,0.103,6,Abdominal
15,0.965,0.043,6,0.138,19,0.12,16,0.00528,0.008,2,0.00178,0.116,3,Abdominal
15,0.944,0.04,6,0.121,18,0.116,16,0.00446,0.005,1,0.00135,0.102,3,Abdominal
15,0.969,0.041,7,0.154,21,0.139,19,0.00649,0.01,3,0.002,0.133,1,Abdominal
15,0.929,0.041,6,0.125,19,0.114,15,0.00458,0.006,1,0.00104,0.109,1,Abdominal
15,0.939,0.039,6,0.146,19,0.123,16,0.0059,0.008,2,0.00167,0.11,4,Abdominal
15,0.936,0.046,7,0.13,20,0.122,18,0.00517,0.008,2,0.00145,0.107,3,Abdominal
15,0.983,0.035,6,0.135,20,0.124,18,0.00471,0.01,2,0.00146,0.117,3,Abdominal
15,0.948,0.041,6,0.159,22,0.144,19,0.00617,0.008,2,0.00186,0.126,2,Abdominal
15,0.904,0.04,6,0.132,18,0.122,16,0.00462,0.004,1,0.00126,0.099,4,Abdominal
15,0.895,0.036,6,0.108,14,0.102,12,0.00362,0.005,1,0.00105,0.098,0,Abdominal
15,0.825,0.039,7,0.112,16,0.109,16,0.00409,0.003,1,0.00078,0.071,4,Abdominal
15,0.898,0.039,7,0.121,17,0.118,17,0.00431,0.006,2,0.00113,0.09,0,Abdominal
15,0.86,0.04,7,0.123,19,0.114,14,0.00459,0.005,1,0.00119,0.08,0,Abdominal
15,0.914,0.04,7,0.118,18,0.111,18,0.0043,0.006,1,0.00113,0.091,1,Abdominal
15,0.876,0.039,7,0.112,17,0.111,15,0.00443,0.008,2,0.0012,0.087,1,Abdominal
16,0.975,0.053,8,0.13,18,0.117,15,0.0061,0.006,1,0.00164,0.121,7,Abdominal
16,0.904,0.038,6,0.125,18,0.116,14,0.00443,0.006,1,0.00124,0.107,2,Abdominal
16,1.036,0.034,5,0.121,19,0.107,15,0.00376,0.006,1,0.0011,0.128,4,Abdominal
16,0.947,0.04,7,0.117,17,0.114,14,0.00466,0.008,2,0.00136,0.098,0,Abdominal
16,0.924,0.043,7,0.115,15,0.104,14,0.00429,0.007,2,0.00113,0.098,2,Abdominal
16,0.94,0.036,6,0.134,20,0.126,17,0.00446,0.007,2,0.00146,0.1,1,Abdominal
16,0.975,0.029,5,0.137,18,0.136,19,0.00389,0.006,1,0.00176,0.108,0,Abdominal
16,0.868,0.039,6,0.116,17,0.109,15,0.00397,0.006,1,0.00115,0.09,0,Abdominal
16,0.966,0.039,6,0.142,20,0.135,17,0.00518,0.006,1,0.00152,0.111,0,Abdominal
16,0.948,0.041,7,0.13,18,0.118,15,0.00498,0.005,1,0.00112,0.109,2,Abdominal
16,0.947,0.035,6,0.128,19,0.123,17,0.0045,0.004,1,0.00099,0.107,2,Abdominal
17,1.054,0.03,5,0.128,16,0.121,14,0.00387,0.005,1,0.0013,0.135,2,Abdominal
17,1.004,0.026,4,0.12,16,0.125,15,0.00338,0.008,2,0.00153,0.117,0,Abdominal
17,0.967,0.029,5,0.141,19,0.131,18,0.00363,0.006,2,0.00146,0.114,0,Abdominal
17,0.99,0.035,5,0.112,17,0.116,14,0.00365,0.007,2,0.00131,0.106,3,Abdominal
17,0.903,0.032,5,0.107,14,0.098,13,0.00325,0.004,1,0.001,0.095,0,Abdominal
3,0.428,0.107,19,0.152,28,0.06,12,0.01191,0.02223,5,0.00396,0.02489,17,Thoracic PreMolt
3,0.411,0.109,21,0.145,25,0.07,12,0.01274,0.02338,5,0.00338,0.02473,7,Thoracic PreMolt
3,0.41,0.101,18,0.136,24,0.071,10,0.01166,0.01656,4,0.00321,0.02234,13,Thoracic PreMolt
3,0.415,0.099,20,0.145,26,0.062,11,0.01165,0.01778,5,0.00359,0.0238,8,Thoracic PreMolt
3,0.416,0.114,21,0.147,27,0.063,10,0.01344,0.02599,6,0.00378,0.02515,17,Thoracic PreMolt
3,0.403,0.09,15,0.146,23,0.074,10,0.01091,0.01815,4,0.00311,0.02231,14,Thoracic PreMolt
3,0.412,0.102,17,0.15,23,0.061,10,0.01181,0.02223,4,0.00368,0.02401,19,Thoracic PreMolt
3,0.432,0.114,18,0.143,23,0.063,10,0.01291,0.02075,4,0.00403,0.02624,11,Thoracic PreMolt
3,0.431,0.109,18,0.148,26,0.07,12,0.01328,0.01839,4,0.00391,0.02528,20,Thoracic PreMolt
3,0.402,0.092,16,0.144,22,0.066,11,0.01093,0.0187,4,0.00331,0.02201,14,Thoracic PreMolt
3,0.41,0.099,14,0.142,24,0.075,11,0.01162,0.01741,4,0.00372,0.02309,12,Thoracic PreMolt
3,0.401,0.099,17,0.135,22,0.067,12,0.01075,0.01895,4,0.00361,0.02243,21,Thoracic PreMolt
3,0.397,0.098,18,0.14,24,0.072,14,0.01105,0.01756,4,0.00326,0.02235,10,Thoracic PreMolt
3,0.401,0.1,21,0.133,25,0.061,11,0.01064,0.01989,5,0.00325,0.02117,13,Thoracic PreMolt
3,0.407,0.099,19,0.136,23,0.07,11,0.01121,0.0219,5,0.00348,0.02232,10,Thoracic PreMolt
3,0.399,0.095,19,0.142,25,0.066,11,0.0102,0.01756,4,0.00376,0.02242,11,Thoracic PreMolt
3,0.433,0.1,20,0.151,24,0.073,12,0.01186,0.01314,3,0.0039,0.02584,12,Thoracic PreMolt
3,0.421,0.095,17,0.149,22,0.076,10,0.01118,0.01371,3,0.00321,0.02334,6,Thoracic PreMolt
3,0.393,0.101,19,0.149,26,0.071,10,0.01164,0.01787,4,0.00327,0.0225,23,Thoracic PreMolt
3,0.404,0.094,18,0.158,28,0.074,12,0.01159,0.02307,5,0.00438,0.02523,11,Thoracic PreMolt
3,0.429,0.101,17,0.169,28,0.083,11,0.01395,0.01736,3,0.0048,0.02941,11,Thoracic PreMolt
3,0.393,0.089,16,0.151,26,0.079,12,0.01074,0.02188,5,0.00401,0.0241,16,Thoracic PreMolt
3,0.419,0.093,13,0.155,26,0.085,14,0.01236,0.02247,5,0.0039,0.02543,14,Thoracic PreMolt
3,0.426,0.103,19,0.161,27,0.08,14,0.01267,0.0218,5,0.00462,0.02739,12,Thoracic PreMolt
4,0.391,0.083,15,0.122,20,0.07,11,0.00849,0.01249,3,0.00207,0.02033,2,Thoracic PreMolt
4,0.404,0.081,16,0.133,20,0.074,14,0.00881,0.01668,4,0.00245,0.02258,3,Thoracic PreMolt
4,0.424,0.078,15,0.141,27,0.067,12,0.00877,0.01674,4,0.00313,0.02605,3,Thoracic PreMolt
4,0.412,0.082,14,0.129,21,0.06,9,0.00863,0.01778,3,0.00253,0.02136,7,Thoracic PreMolt
4,0.451,0.091,16,0.129,23,0.067,11,0.00956,0.01627,3,0.00261,0.02604,3,Thoracic PreMolt
4,0.436,0.084,15,0.132,22,0.07,10,0.00943,0.01519,4,0.00272,0.02464,4,Thoracic PreMolt
4,0.417,0.091,14,0.125,22,0.062,10,0.0091,0.01322,3,0.00225,0.02231,6,Thoracic PreMolt
4,0.426,0.078,12,0.14,23,0.07,9,0.00855,0.01519,3,0.00281,0.02496,5,Thoracic PreMolt
4,0.452,0.103,17,0.14,23,0.076,11,0.01182,0.01761,4,0.00326,0.02775,10,Thoracic PreMolt
4,0.406,0.081,15,0.121,22,0.067,10,0.00833,0.01383,3,0.00223,0.02138,9,Thoracic PreMolt
4,0.429,0.084,17,0.134,19,0.077,12,0.00947,0.01452,3,0.0027,0.02446,5,Thoracic PreMolt
4,0.412,0.08,13,0.138,20,0.067,11,0.00854,0.01535,3,0.003,0.02332,8,Thoracic PreMolt
4,0.436,0.084,13,0.134,23,0.068,11,0.00965,0.01531,3,0.00242,0.02408,9,Thoracic PreMolt
4,0.422,0.089,14,0.137,22,0.058,8,0.00932,0.0184,4,0.00264,0.02461,8,Thoracic PreMolt
4,0.401,0.085,14,0.126,19,0.062,9,0.00872,0.01536,3,0.00208,0.02165,9,Thoracic PreMolt
4,0.44,0.074,15,0.134,20,0.078,12,0.00862,0.01926,4,0.0029,0.02581,4,Thoracic PreMolt
4,0.408,0.072,13,0.129,20,0.074,10,0.00831,0.01889,4,0.00264,0.02185,5,Thoracic PreMolt
4,0.397,0.066,13,0.115,17,0.067,10,0.00619,0.01489,3,0.00228,0.01906,5,Thoracic PreMolt
4,0.369,0.079,15,0.118,18,0.059,9,0.00736,0.01313,3,0.00186,0.01823,9,Thoracic PreMolt
4,0.439,0.099,19,0.138,22,0.076,14,0.01098,0.01319,3,0.00279,0.02687,4,Thoracic PreMolt
4,0.41,0.08,16,0.128,22,0.074,13,0.00884,0.01445,3,0.00212,0.02151,9,Thoracic PreMolt
4,0.433,0.081,16,0.14,23,0.074,12,0.00912,0.01527,3,0.00272,0.02571,6,Thoracic PreMolt
4,0.399,0.074,13,0.131,20,0.066,12,0.00769,0.01519,3,0.00268,0.02261,8,Thoracic PreMolt
4,0.406,0.08,14,0.13,22,0.069,10,0.0084,0.01409,3,0.00263,0.0234,5,Thoracic PreMolt
4,0.384,0.065,12,0.12,20,0.067,12,0.00636,0.01504,3,0.00207,0.01895,6,Thoracic PreMolt
4,0.442,0.08,14,0.138,21,0.077,13,0.00864,0.01993,4,0.00355,0.02542,10,Thoracic PreMolt
5,0.444,0.079,14,0.135,22,0.08,11,0.00864,0.01519,3,0.00287,0.02737,0,Thoracic PreMolt
5,0.447,0.077,13,0.14,23,0.08,13,0.00839,0.01955,4,0.00289,0.02859,3,Thoracic PreMolt
5,0.449,0.078,15,0.123,21,0.068,11,0.00738,0.01111,2,0.00248,0.02516,4,Thoracic PreMolt
5,0.401,0.068,13,0.125,21,0.073,12,0.00658,0.0153,3,0.00239,0.0232,4,Thoracic PreMolt
5,0.455,0.076,13,0.13,23,0.083,14,0.0083,0.01328,3,0.00243,0.02669,0,Thoracic PreMolt
5,0.459,0.077,13,0.128,22,0.072,12,0.00771,0.01482,3,0.00227,0.02864,3,Thoracic PreMolt
5,0.433,0.073,13,0.122,20,0.073,11,0.00739,0.01512,3,0.00238,0.02455,1,Thoracic PreMolt
5,0.483,0.085,15,0.138,21,0.079,12,0.00904,0.01446,3,0.00289,0.03125,11,Thoracic PreMolt
5,0.435,0.071,14,0.128,21,0.074,11,0.00733,0.0156,4,0.0023,0.02535,3,Thoracic PreMolt
5,0.394,0.066,15,0.115,25,0.077,16,0.00621,0.01074,4,0.00156,0.0203,5,Thoracic PreMolt
5,0.433,0.075,15,0.124,22,0.083,14,0.00764,0.01224,4,0.00199,0.02373,7,Thoracic PreMolt
5,0.431,0.072,14,0.131,23,0.072,13,0.00765,0.01286,2,0.00212,0.02557,5,Thoracic PreMolt
5,0.448,0.076,13,0.126,20,0.07,11,0.00739,0.00778,2,0.00212,0.02585,5,Thoracic PreMolt
5,0.451,0.085,15,0.126,21,0.076,13,0.00882,0.01489,3,0.00257,0.02846,1,Thoracic PreMolt
6,0.45,0.062,14,0.12,19,0.083,15,0.00663,0.01336,3,0.00214,0.02864,1,Thoracic PreMolt
6,0.456,0.06,11,0.123,21,0.086,12,0.00617,0.01154,3,0.002,0.02876,3,Thoracic PreMolt
6,0.476,0.067,12,0.12,19,0.083,15,0.00718,0.01075,3,0.00194,0.02874,3,Thoracic PreMolt
6,0.476,0.065,14,0.123,25,0.086,16,0.00693,0.01141,3,0.00207,0.02863,6,Thoracic PreMolt
6,0.493,0.082,15,0.128,22,0.089,14,0.00838,0.01261,3,0.00249,0.03289,6,Thoracic PreMolt
6,0.463,0.061,11,0.128,21,0.097,16,0.00685,0.01187,3,0.00227,0.03019,10,Thoracic PreMolt
6,0.441,0.054,11,0.12,21,0.088,15,0.00556,0.01259,3,0.00218,0.02433,6,Thoracic PreMolt
6,0.472,0.068,13,0.115,19,0.094,17,0.00668,0.01301,3,0.00218,0.03032,4,Thoracic PreMolt
6,0.429,0.05,10,0.105,17,0.079,14,0.00471,0.01297,3,0.00189,0.02385,2,Thoracic PreMolt
6,0.466,0.06,13,0.124,22,0.084,14,0.00573,0.0108,3,0.00192,0.02798,9,Thoracic PreMolt
6,0.441,0.054,10,0.101,19,0.08,14,0.00463,0.00963,2,0.00166,0.02229,3,Thoracic PreMolt
6,0.469,0.056,12,0.123,21,0.093,16,0.00573,0.01407,3,0.00209,0.02988,3,Thoracic PreMolt
6,0.456,0.065,13,0.123,21,0.094,16,0.00667,0.01572,4,0.00226,0.02735,3,Thoracic PreMolt
6,0.423,0.054,11,0.125,22,0.091,18,0.00543,0.0133,3,0.00196,0.02489,9,Thoracic PreMolt
6,0.473,0.068,14,0.139,24,0.098,15,0.0076,0.01257,3,0.00258,0.03056,3,Thoracic PreMolt
6,0.438,0.056,11,0.127,22,0.088,17,0.00556,0.01053,3,0.00171,0.02566,4,Thoracic PreMolt
6,0.479,0.075,16,0.125,22,0.087,14,0.00759,0.01425,4,0.00189,0.02762,7,Thoracic PreMolt
6,0.473,0.072,17,0.133,23,0.087,15,0.00763,0.01322,3,0.0023,0.03267,11,Thoracic PreMolt
6,0.455,0.058,11,0.141,25,0.083,18,0.00683,0.01186,3,0.0025,0.02893,6,Thoracic PreMolt
6,0.465,0.062,13,0.142,25,0.081,14,0.0068,0.01375,3,0.00241,0.03346,7,Thoracic PreMolt
6,0.455,0.059,11,0.116,18,0.08,12,0.0059,0.01224,3,0.0019,0.02735,5,Thoracic PreMolt
6,0.479,0.077,17,0.126,23,0.086,14,0.0077,0.01149,3,0.002,0.02845,10,Thoracic PreMolt
6,0.424,0.049,10,0.113,23,0.083,18,0.00457,0.01512,3,0.00195,0.0227,5,Thoracic PreMolt
6,0.457,0.055,11,0.122,21,0.084,15,0.00551,0.01482,3,0.00169,0.02758,7,Thoracic PreMolt
6,0.464,0.07,16,0.123,24,0.086,16,0.00688,0.01933,4,0.00225,0.02971,8,Thoracic PreMolt
6,0.427,0.055,12,0.117,20,0.087,16,0.00573,0.014,3,0.00184,0.02405,1,Thoracic PreMolt
6,0.439,0.056,11,0.132,23,0.091,14,0.00624,0.01151,2,0.00176,0.02792,10,Thoracic PreMolt
6,0.443,0.064,14,0.12,21,0.086,17,0.00634,0.01444,3,0.002,0.02644,3,Thoracic PreMolt
6,0.452,0.071,15,0.13,24,0.082,16,0.00717,0.01279,4,0.0021,0.02803,3,Thoracic PreMolt
6,0.494,0.074,16,0.136,23,0.09,16,0.00797,0.01209,3,0.00254,0.03226,,Thoracic PreMolt
6,0.416,0.06,13,0.116,24,0.084,17,0.00593,0.01296,3,0.00173,0.02414,3,Thoracic PreMolt
6,0.419,0.056,13,0.109,21,0.08,14,0.00525,0.01151,3,0.00142,0.02226,3,Thoracic PreMolt
6,0.475,0.07,13,0.132,23,0.086,14,0.00729,0.01223,3,0.00257,0.03235,6,Thoracic PreMolt
6,0.53,0.083,15,0.138,25,0.1,17,0.00976,0.01572,3,0.00259,0.03525,14,Thoracic PreMolt
6,0.461,0.062,12,0.141,24,0.094,14,0.00698,0.01556,4,0.00282,0.03384,3,Thoracic PreMolt
6,0.487,0.072,12,0.13,20,0.093,16,0.00719,0.01279,2,0.00235,0.03199,7,Thoracic PreMolt
6,0.432,0.058,11,0.118,19,0.085,15,0.00569,0.01575,3,0.00217,0.02467,11,Thoracic PreMolt
6,0.491,0.074,14,0.131,23,0.093,14,0.00845,0.01707,4,0.00246,0.03245,8,Thoracic PreMolt
6,0.474,0.062,14,0.128,22,0.095,15,0.00669,0.01296,3,0.00228,0.03039,3,Thoracic PreMolt
6,0.467,0.065,15,0.123,21,0.085,14,0.00651,0.01284,3,0.0021,0.02865,11,Thoracic PreMolt
6,0.49,0.069,13,0.137,24,0.099,17,0.00823,0.01574,4,0.00291,0.03357,6,Thoracic PreMolt
6,0.433,0.054,12,0.123,24,0.09,14,0.00563,0.01,3,0.00173,0.02457,5,Thoracic PreMolt
6,0.465,0.066,13,0.132,21,0.08,12,0.00675,0.01294,3,0.00224,0.02953,7,Thoracic PreMolt
6,0.471,0.07,13,0.141,23,0.091,13,0.00822,0.01279,3,0.00245,0.03569,13,Thoracic PreMolt
6,0.46,0.071,15,0.135,23,0.085,15,0.00771,0.01238,3,0.00214,0.03168,6,Thoracic PreMolt
6,0.464,0.069,14,0.142,24,0.084,14,0.0077,0.01151,3,0.00215,0.03348,9,Thoracic PreMolt
6,0.473,0.064,13,0.124,20,0.094,16,0.00681,0.01105,3,0.0024,0.02941,4,Thoracic PreMolt
6,0.45,0.06,13,0.125,19,0.084,15,0.00638,0.01626,4,0.00198,0.02791,3,Thoracic PreMolt
6,0.517,0.08,15,0.136,24,0.097,17,0.00916,0.01658,4,0.0026,0.03361,1,Thoracic PreMolt
6,0.455,0.053,11,0.12,21,0.085,15,0.00512,0.01061,2,0.00169,0.02811,4,Thoracic PreMolt
7,0.553,0.081,14,0.141,24,0.102,17,0.00968,0.01425,3,0.00214,0.03905,6,Thoracic PostMolt
7,0.561,0.082,15,0.116,20,0.086,14,0.0077,0.01141,3,0.00213,0.03692,4,Thoracic PostMolt
7,0.582,0.0837,16,0.132,21,0.097,15,0.00867,0.0104,2,0.00217,0.04244,4,Thoracic PostMolt
7,0.579,0.084,17,0.144,26,0.102,14,0.01026,0.01266,3,0.00214,0.04025,1,Thoracic PostMolt
7,0.6,0.089,17,0.151,25,0.108,18,0.01158,0.01343,3,0.00253,0.04905,9,Thoracic PostMolt
7,0.585,0.091,16,0.143,26,0.106,17,0.01098,0.01089,3,0.00215,0.04832,7,Thoracic PostMolt
7,0.531,0.076,14,0.142,24,0.103,16,0.00858,0.00928,2,0.00225,0.04016,7,Thoracic PostMolt
7,0.547,0.082,19,0.125,26,0.09,15,0.00861,0.01159,4,0.00184,0.03665,1,Thoracic PostMolt
7,0.592,0.09,18,0.145,22,0.111,17,0.01118,0.01227,3,0.00247,0.04788,9,Thoracic PostMolt
7,0.574,0.084,16,0.122,21,0.09,14,0.00867,0.01162,3,0.00193,0.03901,4,Thoracic PostMolt
7,0.544,0.096,19,0.123,22,0.086,15,0.0096,0.00926,3,0.0016,0.03456,8,Thoracic PostMolt
7,0.546,0.078,14,0.122,22,0.084,14,0.00786,0.01143,3,0.00214,0.03817,2,Thoracic PostMolt
7,0.593,0.086,18,0.126,24,0.103,17,0.00929,0.00855,2,0.00186,0.03994,8,Thoracic PostMolt
7,0.539,0.069,14,0.129,24,0.104,18,0.00765,0.01348,3,0.00223,0.03884,6,Thoracic PostMolt
7,0.574,0.08,15,0.116,25,0.092,15,0.008,0.01176,3,0.00206,0.03641,8,Thoracic PostMolt
7,0.545,0.076,15,0.121,22,0.094,14,0.00785,0.00949,2,0.00178,0.0376,7,Thoracic PostMolt
7,0.555,0.072,15,0.128,23,0.093,16,0.00788,0.01049,2,0.00185,0.03981,4,Thoracic PostMolt
7,0.588,0.09,17,0.13,22,0.1,17,0.00973,0.00832,2,0.00208,0.04067,3,Thoracic PostMolt
7,0.558,0.079,14,0.129,22,0.095,16,0.00848,0.01429,3,0.00197,0.0382,0,Thoracic PostMolt
7,0.556,0.061,13,0.108,21,0.093,16,0.00598,0.01126,3,0.00174,0.03463,5,Thoracic PostMolt
7,0.558,0.085,16,0.139,26,0.097,15,0.01024,0.01452,3,0.00199,0.04054,4,Thoracic PostMolt
7,0.563,0.07,14,0.116,21,0.097,16,0.00708,0.00944,2,0.0018,0.04055,10,Thoracic PostMolt
7,0.494,0.068,16,0.116,21,0.085,14,0.00697,0.00949,2,0.00148,0.03043,6,Thoracic PostMolt
7,0.5,0.059,9,0.104,17,0.086,12,0.00556,0.01,2,0.00141,0.027,5,Thoracic PostMolt
8,0.593,0.08,16,0.116,21,0.094,16,0.00822,0.01126,2,0.00184,0.04002,8,Thoracic PostMolt
8,0.581,0.064,15,0.124,24,0.103,17,0.00744,0.01029,2,0.00181,0.04142,3,Thoracic PostMolt
8,0.598,0.069,14,0.122,23,0.1,16,0.00756,0.00917,2,0.00158,0.04227,3,Thoracic PostMolt
8,0.596,0.065,12,0.116,19,0.102,14,0.00761,0.008,2,0.00183,0.044,6,Thoracic PostMolt
8,0.533,0.051,10,0.107,17,0.09,14,0.00473,0.009,2,0.00142,0.03,1,Thoracic PostMolt
8,0.59,0.075,14,0.115,18,0.094,15,0.00747,0.01,3,0.00172,0.04,8,Thoracic PostMolt
8,0.621,0.072,13,0.129,22,0.098,13,0.00905,0.014,3,0.00227,0.048,9,Thoracic PostMolt
8,0.598,0.068,14,0.128,21,0.101,14,0.00771,0.013,3,0.00231,0.044,4,Thoracic PostMolt
8,0.598,0.075,13,0.112,19,0.095,15,0.00759,0.01,2,0.00171,0.042,7,Thoracic PostMolt
8,0.638,0.076,13,0.142,22,0.111,16,0.00891,0.014,3,0.00245,0.054,10,Thoracic PostMolt
8,0.603,0.077,12,0.121,20,0.096,17,0.0079,0.01,2,0.00226,0.042,5,Thoracic PostMolt
8,0.593,0.084,14,0.085,14,0.056,9,0.00592,0.008,2,0.00138,0.034,1,Thoracic PostMolt
8,0.565,0.058,10,0.104,16,0.087,13,0.00544,0.012,3,0.00164,0.036,4,Thoracic PostMolt
8,0.587,0.066,10,0.126,18,0.104,16,0.00729,0.011,2,0.00164,0.04,2,Thoracic PostMolt
8,0.621,0.089,14,0.128,22,0.099,15,0.01001,0.009,2,0.00203,0.047,7,Thoracic PostMolt
8,0.576,0.075,13,0.123,19,0.092,14,0.00773,0.011,3,0.00218,0.043,2,Thoracic PostMolt
8,0.62,0.072,12,0.128,18,0.106,17,0.00831,0.014,3,0.00246,0.0465,1,Thoracic PostMolt
8,0.581,0.069,12,0.127,18,0.101,15,0.00786,0.013,3,0.00223,0.042,3,Thoracic PostMolt
8,0.622,0.078,12,0.131,21,0.103,17,0.00887,0.01,2,0.00202,0.049,6,Thoracic PostMolt
8,0.618,0.073,12,0.132,19,0.108,17,0.00859,0.009,2,0.00218,0.046,1,Thoracic PostMolt
8,0.605,0.071,11,0.126,20,0.105,14,0.00781,0.013,3,0.00211,0.048,8,Thoracic PostMolt
8,0.591,0.071,14,0.116,20,0.095,14,0.00705,0.009,2,0.0016,0.042,4,Thoracic PostMolt
8,0.586,0.069,14,0.126,19,0.099,15,0.00758,0.008,2,0.0017,0.045,0,Thoracic PostMolt
8,0.601,0.074,13,0.114,18,0.086,12,0.00752,0.011,3,0.00172,0.039,8,Thoracic PostMolt
8,0.616,0.066,10,0.115,16,0.098,13,0.0065,0.011,3,0.00184,0.044,7,Thoracic PostMolt
8,0.522,0.06,11,0.118,17,0.099,16,0.00604,0.007,2,0.00155,0.036,2,Thoracic PostMolt
8,0.615,0.077,12,0.138,17,0.109,15,0.00879,0.007,1,0.00226,0.048,3,Thoracic PostMolt
8,0.591,0.062,13,0.138,20,0.128,18,0.00784,0.012,3,0.00237,0.043,4,Thoracic PostMolt
8,0.587,0.068,13,0.123,18,0.099,15,0.00742,0.013,3,0.00202,0.039,3,Thoracic PostMolt
9,0.662,0.074,12,0.153,26,0.122,19,0.01017,0.014,3,0.00238,0.058,2,Thoracic PostMolt
9,0.67,0.064,10,0.128,18,0.109,16,0.00731,0.01,2,0.00247,0.053,4,Thoracic PostMolt
9,0.606,0.067,12,0.124,20,0.097,14,0.00715,0.01,2,0.00187,0.045,2,Thoracic PostMolt
9,0.655,0.068,13,0.128,22,0.11,16,0.00764,0.009,2,0.00194,0.051,3,Thoracic PostMolt
9,0.632,0.062,10,0.135,22,0.114,17,0.00744,0.011,3,0.00184,0.051,1,Thoracic PostMolt
9,0.59,0.059,12,0.117,21,0.102,16,0.00639,0.008,2,0.0013,0.04,2,Thoracic PostMolt
9,0.617,0.068,12,0.115,18,0.092,13,0.00703,0.009,2,0.00164,0.045,4,Thoracic PostMolt
9,0.582,0.054,9,0.104,19,0.099,15,0.00505,0.006,2,0.00106,0.036,8,Thoracic PostMolt
9,0.655,0.069,12,0.141,21,0.112,16,0.00831,0.009,2,0.00199,0.055,4,Thoracic PostMolt
9,0.656,0.071,14,0.159,28,0.123,18,0.00952,0.01,2,0.0022,0.068,2,Thoracic PostMolt
9,0.63,0.069,13,0.156,23,0.122,18,0.00898,0.009,2,0.00235,0.056,2,Thoracic PostMolt
9,0.644,0.07,15,0.138,19,0.114,15,0.00816,0.007,2,0.00183,0.052,6,Thoracic PostMolt
9,0.65,0.073,13,0.16,,0.125,18,0.01037,0.01,3,0.00237,0.063,3,Thoracic PostMolt
9,0.652,0.076,14,0.138,24,0.112,17,0.00925,0.012,3,0.00198,0.053,5,Thoracic PostMolt
9,0.634,0.072,11,0.128,19,0.104,15,0.00814,0.008,2,0.0017,0.052,4,Thoracic PostMolt
9,0.656,0.079,14,0.136,19,0.108,17,0.00896,0.01,2,0.00188,0.054,7,Thoracic PostMolt
9,0.649,0.069,13,0.129,19,0.108,15,0.00738,0.009,3,0.0018,0.051,1,Thoracic PostMolt
9,0.659,0.064,14,0.137,18,0.108,16,0.00759,0.009,2,0.00203,0.053,0,Thoracic PostMolt
9,0.606,0.06,10,0.14,22,0.113,16,0.00751,0.011,2,0.00172,0.05,3,Thoracic PostMolt
9,0.705,0.101,13,0.149,22,0.124,17,0.0132,0.011,2,0.00225,0.068,8,Thoracic PostMolt
9,0.625,0.071,13,0.118,19,0.104,15,0.00746,0.01,2,0.00158,0.045,1,Thoracic PostMolt
9,0.61,0.065,13,0.131,20,0.109,16,0.0076,0.008,2,0.00188,0.046,2,Thoracic PostMolt
9,0.625,0.06,11,0.128,21,0.105,17,0.00728,0.01,3,0.00178,0.05,5,Thoracic PostMolt
9,0.668,0.072,14,0.125,19,0.101,14,0.00813,0.013,3,0.00207,0.053,10,Thoracic PostMolt
9,0.651,0.065,11,0.112,17,0.111,15,0.00759,0.017,4,0.00204,0.052,4,Thoracic PostMolt
9,0.649,0.066,13,0.133,19,0.102,14,0.00768,0.011,3,0.00251,0.054,5,Thoracic PostMolt
9,0.651,0.061,12,0.147,23,0.129,20,0.00801,0.01,3,0.00221,0.057,12,Thoracic PostMolt
9,0.645,0.076,14,0.126,18,0.107,16,0.00841,0.011,3,0.00181,0.055,3,Thoracic PostMolt
9,0.665,0.061,10,0.136,21,0.118,17,0.00782,0.012,3,0.0021,0.059,9,Thoracic PostMolt
9,0.613,0.057,12,0.12,19,0.102,15,0.0063,0.009,2,0.00181,0.048,0,Thoracic PostMolt
9,0.64,0.081,14,0.118,20,0.097,14,0.00895,0.013,3,0.00193,0.049,6,Thoracic PostMolt
9,0.594,0.061,11,0.123,21,0.106,15,0.00677,0.013,3,0.00171,0.041,1,Thoracic PostMolt
9,0.605,0.072,12,0.105,16,0.088,13,0.00677,0.01,2,0.00155,0.039,2,Thoracic PostMolt
9,0.639,0.08,15,0.153,23,0.115,16,0.01068,0.009,3,0.00266,0.058,4,Thoracic PostMolt
9,0.669,0.051,11,0.133,21,0.126,18,0.00679,0.017,3,0.00255,0.054,7,Thoracic PostMolt
9,0.652,0.064,14,0.126,22,0.115,17,0.00745,0.012,3,0.00191,0.054,9,Thoracic PostMolt
9,0.646,0.059,12,0.094,15,0.07,11,0.00492,0.012,3,0.00154,0.049,6,Thoracic PostMolt
9,0.66,0.063,12,0.12,20,0.115,17,0.00775,0.015,3,0.00259,0.053,4,Thoracic PostMolt
9,0.641,0.057,11,0.123,19,0.112,18,0.00685,0.013,4,0.00214,0.043,3,Thoracic PostMolt
9,0.537,0.044,11,0.103,18,0.096,15,0.00439,0.007,2,0.00112,0.029,2,Thoracic PostMolt
9,0.602,0.058,11,0.138,21,0.123,18,0.00728,0.007,2,0.00192,0.04,2,Thoracic PostMolt
9,0.567,0.051,10,0.118,18,0.102,16,0.00562,0.008,2,0.0016,0.037,3,Thoracic PostMolt
9,0.626,0.063,11,0.114,18,0.098,15,0.00625,0.008,2,0.00151,0.042,7,Thoracic PostMolt
9,0.655,0.069,13,0.134,19,0.115,16,0.00808,0.012,3,0.00212,0.048,5,Thoracic PostMolt
9,0.549,0.079,13,0.102,19,0.089,15,0.00429,0.007,2,0.00136,0.035,4,Thoracic PostMolt
